{
  "schemaVersion": 1,
  "id": "playertracking",
  "version": "3.0",

  "name": "Player Tracking",
  "description": "A PvP mod which allows tracking players via trackers in the world, originally created by mcpvp.",
  "authors": [ "Rick South" ],
  "contact": {
    "homepage": "https://curseforge.com/minecraft/mc-mods/player-tracking",
    "sources": "https://github.com/ricksouth/serilum-mc-mod-sources/tree/main/sources/Player%20Tracking",
    "issues": "https://github.com/ricksouth/serilum-mc-mods/labels/Mod:%20Player%20Tracking"
  },

  "license": "All Right Reserved",
  "icon": "icon.png",

  "environment": "*",
  "entrypoints": { "main": [ "com.natamus.playertracking.ModFabric" ] },

  "depends": {
    "fabricloader": ">=0.12.5",
    "fabric": "*",
    "minecraft": ">=1.20",
    "java": ">=17",
    "collective": ">=6.56"
  },

  "custom": {
    "modmenu": {
      "links": {
        "modmenu.discord": "https://discord.gg/vFren9YzzN",
        "Donate <3" : "https://ricksouth.com/donate"
      }
    }
  },

  "contributors": [
	  " ",
	  "Thank you very much to my Membership sponsors for supporting the development of this mod!",
	  " ",
	  "If you would like to contribute too, check out https://ricksouth.com/donate.",
	  " ",
	  "Membership sponsors:",
	  " Adam E",
	  " Alister",
	  " aternosorg",
	  " Cherriesaurus",
	  " FireStriker",
	  " Greg Johnson",
	  " Kreezxil",
	  " Michael W. S.",
	  " Mir3JonCZ",
	  " Rebecca Hb.",
	  " Shana Gitnick",
	  " silver Bowsman",
	  " Tyler Behl"
  ]
}